<?xml version="1.0" encoding="UTF-8"?>
<metadata xml:lang="en"><Esri><CreaDate>20240909</CreaDate><CreaTime>19181900</CreaTime><ArcGISFormat>1.0</ArcGISFormat><SyncOnce>FALSE</SyncOnce><DataProperties><itemProps><itemLocation><linkage Sync="TRUE">file://\\DESKTOP-4H7O5BU\C$\CSIG\Aula01\locais_criticos_incendio.shp</linkage><protocol Sync="TRUE">Local Area Network</protocol></itemLocation><itemName Sync="TRUE">locais_criticos_incendio</itemName><imsContentType Sync="TRUE">002</imsContentType><itemSize Sync="TRUE">0.000</itemSize></itemProps><copyHistory><copy source="Z:\00_Classes\CSIG\2024\Aula03\locais_criticos_incendio\locais_criticos_incendio" dest="\\DESKTOP-4H7O5BU\C$\CSIG\Base_de_dados\Bases_de_pontos\locais_criticos_incendio" date="20240909" time="19181900"></copy></copyHistory><lineage><Process ToolSource="c:\program files\arcgis\pro\Resources\ArcToolbox\toolboxes\Data Management Tools.tbx\Copy" Date="20240909" Time="191819">Copy Z:\00_Classes\CSIG\2024\Aula03\locais_criticos_incendio\locais_criticos_incendio.shp C:\CSIG\Base_de_dados\Bases_de_pontos\locais_criticos_incendio.shp Shapefile #</Process><Process ToolSource="c:\program files\arcgis\pro\Resources\ArcToolbox\toolboxes\Conversion Tools.tbx\ExportFeatures" Date="20240909" Time="210912">ExportFeatures locais_criticos_incendio C:\CSIG\Aula01\locais_criticos_incendio.shp # NOT_USE_ALIAS "IDSGIF "IDSGIF" true true false 9 Long 0 9,First,#,locais_criticos_incendio,IDSGIF,-1,-1;Distrito "Distrito" true true false 254 Text 0 0,First,#,locais_criticos_incendio,Distrito,0,254;Concelho "Concelho" true true false 254 Text 0 0,First,#,locais_criticos_incendio,Concelho,0,254;Freguesia2 "Freguesia2" true true false 254 Text 0 0,First,#,locais_criticos_incendio,Freguesia2,0,254;Lat "Lat" true true false 254 Text 0 0,First,#,locais_criticos_incendio,Lat,0,254;Lon "Lon" true true false 254 Text 0 0,First,#,locais_criticos_incendio,Lon,0,254;NivelCriti "NivelCriti" true true false 33 Double 15 32,First,#,locais_criticos_incendio,NivelCriti,-1,-1;NivelCrit0 "NivelCrit0" true true false 33 Double 15 32,First,#,locais_criticos_incendio,NivelCrit0,-1,-1;Percentil1 "Percentil1" true true false 33 Double 15 32,First,#,locais_criticos_incendio,Percentil1,-1,-1;PercentilA "PercentilA" true true false 33 Double 15 32,First,#,locais_criticos_incendio,PercentilA,-1,-1;N_Oc_Ult15 "N_Oc_Ult15" true true false 9 Long 0 9,First,#,locais_criticos_incendio,N_Oc_Ult15,-1,-1;N_Oc_Ano "N_Oc_Ano" true true false 9 Long 0 9,First,#,locais_criticos_incendio,N_Oc_Ano,-1,-1;P_maisOc_u "P_maisOc_u" true true false 254 Text 0 0,First,#,locais_criticos_incendio,P_maisOc_u,0,254;P_maisOc_A "P_maisOc_A" true true false 254 Text 0 0,First,#,locais_criticos_incendio,P_maisOc_A,0,254;RCM "RCM" true true false 9 Long 0 9,First,#,locais_criticos_incendio,RCM,-1,-1;RCM_24h "RCM_24h" true true false 9 Long 0 9,First,#,locais_criticos_incendio,RCM_24h,-1,-1;RCM_48h "RCM_48h" true true false 9 Long 0 9,First,#,locais_criticos_incendio,RCM_48h,-1,-1;C_maisOc_A "C_maisOc_A" true true false 254 Text 0 0,First,#,locais_criticos_incendio,C_maisOc_A,0,254;NQueimasAu "NQueimasAu" true true false 9 Long 0 9,First,#,locais_criticos_incendio,NQueimasAu,-1,-1;NQueimasNa "NQueimasNa" true true false 9 Long 0 9,First,#,locais_criticos_incendio,NQueimasNa,-1,-1;NQueimadas "NQueimadas" true true false 9 Long 0 9,First,#,locais_criticos_incendio,NQueimadas,-1,-1;NQueimada0 "NQueimada0" true true false 9 Long 0 9,First,#,locais_criticos_incendio,NQueimada0,-1,-1" #</Process></lineage><coordRef><type Sync="TRUE">Projected</type><geogcsn Sync="TRUE">GCS_ETRS_1989</geogcsn><csUnits Sync="TRUE">Linear Unit: m (1.000000)</csUnits><projcsn Sync="TRUE">ETRS89 / Portugal TM06</projcsn><peXml Sync="TRUE">&lt;ProjectedCoordinateSystem xsi:type='typens:ProjectedCoordinateSystem' xmlns:xsi='http://www.w3.org/2001/XMLSchema-instance' xmlns:xs='http://www.w3.org/2001/XMLSchema' xmlns:typens='http://www.esri.com/schemas/ArcGIS/3.1.0'&gt;&lt;WKT&gt;PROJCS[&amp;quot;ETRS89 / Portugal TM06&amp;quot;,GEOGCS[&amp;quot;ETRS89&amp;quot;,DATUM[&amp;quot;European Terrestrial Reference System 1989&amp;quot;,SPHEROID[&amp;quot;GRS 1980&amp;quot;,6378137.0,298.257222101]],PRIMEM[&amp;quot;Greenwich&amp;quot;,0.0],UNIT[&amp;quot;degree&amp;quot;,0.0174532925199433]],PROJECTION[&amp;quot;Transverse_Mercator&amp;quot;],PARAMETER[&amp;quot;false_easting&amp;quot;,0.0],PARAMETER[&amp;quot;false_northing&amp;quot;,0.0],PARAMETER[&amp;quot;central_meridian&amp;quot;,-8.133108333333334],PARAMETER[&amp;quot;scale_factor&amp;quot;,1.0],PARAMETER[&amp;quot;latitude_of_origin&amp;quot;,39.66825833333334],UNIT[&amp;quot;m&amp;quot;,1.0]]&lt;/WKT&gt;&lt;XOrigin&gt;-5623200&lt;/XOrigin&gt;&lt;YOrigin&gt;-14394800&lt;/YOrigin&gt;&lt;XYScale&gt;450265407.00157917&lt;/XYScale&gt;&lt;ZOrigin&gt;-100000&lt;/ZOrigin&gt;&lt;ZScale&gt;10000&lt;/ZScale&gt;&lt;MOrigin&gt;-100000&lt;/MOrigin&gt;&lt;MScale&gt;10000&lt;/MScale&gt;&lt;XYTolerance&gt;0.001&lt;/XYTolerance&gt;&lt;ZTolerance&gt;0.001&lt;/ZTolerance&gt;&lt;MTolerance&gt;0.001&lt;/MTolerance&gt;&lt;HighPrecision&gt;true&lt;/HighPrecision&gt;&lt;/ProjectedCoordinateSystem&gt;</peXml></coordRef></DataProperties><SyncDate>20240909</SyncDate><SyncTime>21091200</SyncTime><ModDate>20240909</ModDate><ModTime>21091200</ModTime></Esri><dataIdInfo><envirDesc Sync="TRUE">Microsoft Windows 10 Version 10.0 (Build 19045) ; Esri ArcGIS 13.1.0.41833</envirDesc><dataLang><languageCode value="eng" Sync="TRUE"></languageCode><countryCode value="GBR" Sync="TRUE"></countryCode></dataLang><idCitation><resTitle Sync="TRUE">locais_criticos_incendio</resTitle><presForm><PresFormCd value="005" Sync="TRUE"></PresFormCd></presForm></idCitation><spatRpType><SpatRepTypCd value="001" Sync="TRUE"></SpatRepTypCd></spatRpType></dataIdInfo><mdLang><languageCode value="eng" Sync="TRUE"></languageCode><countryCode value="GBR" Sync="TRUE"></countryCode></mdLang><mdChar><CharSetCd value="004" Sync="TRUE"></CharSetCd></mdChar><distInfo><distFormat><formatName Sync="TRUE">Shapefile</formatName></distFormat><distTranOps><transSize Sync="TRUE">0.000</transSize></distTranOps></distInfo><mdHrLv><ScopeCd value="005" Sync="TRUE"></ScopeCd></mdHrLv><mdHrLvName Sync="TRUE">dataset</mdHrLvName><refSysInfo><RefSystem><refSysID><identCode code="0" Sync="TRUE"></identCode></refSysID></RefSystem></refSysInfo><spatRepInfo><VectSpatRep><geometObjs Name="locais_criticos_incendio"><geoObjTyp><GeoObjTypCd value="001" Sync="TRUE"></GeoObjTypCd></geoObjTyp><geoObjCnt Sync="TRUE">0</geoObjCnt></geometObjs><topLvl><TopoLevCd value="001" Sync="TRUE"></TopoLevCd></topLvl></VectSpatRep></spatRepInfo><spdoinfo><ptvctinf><esriterm Name="locais_criticos_incendio"><efeatyp Sync="TRUE">Simple</efeatyp><efeageom code="2" Sync="TRUE"></efeageom><esritopo Sync="TRUE">FALSE</esritopo><efeacnt Sync="TRUE">0</efeacnt><spindex Sync="TRUE">FALSE</spindex><linrefer Sync="TRUE">FALSE</linrefer></esriterm></ptvctinf></spdoinfo><eainfo><detailed Name="locais_criticos_incendio"><enttyp><enttypl Sync="TRUE">locais_criticos_incendio</enttypl><enttypt Sync="TRUE">Feature Class</enttypt><enttypc Sync="TRUE">0</enttypc></enttyp><attr><attrlabl Sync="TRUE">FID</attrlabl><attalias Sync="TRUE">FID</attalias><attrtype Sync="TRUE">OID</attrtype><attwidth Sync="TRUE">4</attwidth><atprecis Sync="TRUE">0</atprecis><attscale Sync="TRUE">0</attscale><attrdef Sync="TRUE">Internal feature number.</attrdef><attrdefs Sync="TRUE">Esri</attrdefs><attrdomv><udom Sync="TRUE">Sequential unique whole numbers that are automatically generated.</udom></attrdomv></attr><attr><attrlabl Sync="TRUE">Shape</attrlabl><attalias Sync="TRUE">Shape</attalias><attrtype Sync="TRUE">Geometry</attrtype><attwidth Sync="TRUE">0</attwidth><atprecis Sync="TRUE">0</atprecis><attscale Sync="TRUE">0</attscale><attrdef Sync="TRUE">Feature geometry.</attrdef><attrdefs Sync="TRUE">Esri</attrdefs><attrdomv><udom Sync="TRUE">Coordinates defining the features.</udom></attrdomv></attr><attr><attrlabl Sync="TRUE">IDSGIF</attrlabl><attalias Sync="TRUE">IDSGIF</attalias><attrtype Sync="TRUE">Integer</attrtype><attwidth Sync="TRUE">9</attwidth><atprecis Sync="TRUE">9</atprecis><attscale Sync="TRUE">0</attscale></attr><attr><attrlabl Sync="TRUE">Distrito</attrlabl><attalias Sync="TRUE">Distrito</attalias><attrtype Sync="TRUE">String</attrtype><attwidth Sync="TRUE">254</attwidth><atprecis Sync="TRUE">0</atprecis><attscale Sync="TRUE">0</attscale></attr><attr><attrlabl Sync="TRUE">Concelho</attrlabl><attalias Sync="TRUE">Concelho</attalias><attrtype Sync="TRUE">String</attrtype><attwidth Sync="TRUE">254</attwidth><atprecis Sync="TRUE">0</atprecis><attscale Sync="TRUE">0</attscale></attr><attr><attrlabl Sync="TRUE">Freguesia2</attrlabl><attalias Sync="TRUE">Freguesia2</attalias><attrtype Sync="TRUE">String</attrtype><attwidth Sync="TRUE">254</attwidth><atprecis Sync="TRUE">0</atprecis><attscale Sync="TRUE">0</attscale></attr><attr><attrlabl Sync="TRUE">Lat</attrlabl><attalias Sync="TRUE">Lat</attalias><attrtype Sync="TRUE">String</attrtype><attwidth Sync="TRUE">254</attwidth><atprecis Sync="TRUE">0</atprecis><attscale Sync="TRUE">0</attscale></attr><attr><attrlabl Sync="TRUE">Lon</attrlabl><attalias Sync="TRUE">Lon</attalias><attrtype Sync="TRUE">String</attrtype><attwidth Sync="TRUE">254</attwidth><atprecis Sync="TRUE">0</atprecis><attscale Sync="TRUE">0</attscale></attr><attr><attrlabl Sync="TRUE">NivelCriti</attrlabl><attalias Sync="TRUE">NivelCriti</attalias><attrtype Sync="TRUE">Double</attrtype><attwidth Sync="TRUE">19</attwidth><atprecis Sync="TRUE">18</atprecis><attscale Sync="TRUE">15</attscale></attr><attr><attrlabl Sync="TRUE">NivelCrit0</attrlabl><attalias Sync="TRUE">NivelCrit0</attalias><attrtype Sync="TRUE">Double</attrtype><attwidth Sync="TRUE">19</attwidth><atprecis Sync="TRUE">18</atprecis><attscale Sync="TRUE">15</attscale></attr><attr><attrlabl Sync="TRUE">Percentil1</attrlabl><attalias Sync="TRUE">Percentil1</attalias><attrtype Sync="TRUE">Double</attrtype><attwidth Sync="TRUE">19</attwidth><atprecis Sync="TRUE">18</atprecis><attscale Sync="TRUE">15</attscale></attr><attr><attrlabl Sync="TRUE">PercentilA</attrlabl><attalias Sync="TRUE">PercentilA</attalias><attrtype Sync="TRUE">Double</attrtype><attwidth Sync="TRUE">19</attwidth><atprecis Sync="TRUE">18</atprecis><attscale Sync="TRUE">15</attscale></attr><attr><attrlabl Sync="TRUE">N_Oc_Ult15</attrlabl><attalias Sync="TRUE">N_Oc_Ult15</attalias><attrtype Sync="TRUE">Integer</attrtype><attwidth Sync="TRUE">9</attwidth><atprecis Sync="TRUE">9</atprecis><attscale Sync="TRUE">0</attscale></attr><attr><attrlabl Sync="TRUE">N_Oc_Ano</attrlabl><attalias Sync="TRUE">N_Oc_Ano</attalias><attrtype Sync="TRUE">Integer</attrtype><attwidth Sync="TRUE">9</attwidth><atprecis Sync="TRUE">9</atprecis><attscale Sync="TRUE">0</attscale></attr><attr><attrlabl Sync="TRUE">P_maisOc_u</attrlabl><attalias Sync="TRUE">P_maisOc_u</attalias><attrtype Sync="TRUE">String</attrtype><attwidth Sync="TRUE">254</attwidth><atprecis Sync="TRUE">0</atprecis><attscale Sync="TRUE">0</attscale></attr><attr><attrlabl Sync="TRUE">P_maisOc_A</attrlabl><attalias Sync="TRUE">P_maisOc_A</attalias><attrtype Sync="TRUE">String</attrtype><attwidth Sync="TRUE">254</attwidth><atprecis Sync="TRUE">0</atprecis><attscale Sync="TRUE">0</attscale></attr><attr><attrlabl Sync="TRUE">RCM</attrlabl><attalias Sync="TRUE">RCM</attalias><attrtype Sync="TRUE">Integer</attrtype><attwidth Sync="TRUE">9</attwidth><atprecis Sync="TRUE">9</atprecis><attscale Sync="TRUE">0</attscale></attr><attr><attrlabl Sync="TRUE">RCM_24h</attrlabl><attalias Sync="TRUE">RCM_24h</attalias><attrtype Sync="TRUE">Integer</attrtype><attwidth Sync="TRUE">9</attwidth><atprecis Sync="TRUE">9</atprecis><attscale Sync="TRUE">0</attscale></attr><attr><attrlabl Sync="TRUE">RCM_48h</attrlabl><attalias Sync="TRUE">RCM_48h</attalias><attrtype Sync="TRUE">Integer</attrtype><attwidth Sync="TRUE">9</attwidth><atprecis Sync="TRUE">9</atprecis><attscale Sync="TRUE">0</attscale></attr><attr><attrlabl Sync="TRUE">C_maisOc_A</attrlabl><attalias Sync="TRUE">C_maisOc_A</attalias><attrtype Sync="TRUE">String</attrtype><attwidth Sync="TRUE">254</attwidth><atprecis Sync="TRUE">0</atprecis><attscale Sync="TRUE">0</attscale></attr><attr><attrlabl Sync="TRUE">NQueimasAu</attrlabl><attalias Sync="TRUE">NQueimasAu</attalias><attrtype Sync="TRUE">Integer</attrtype><attwidth Sync="TRUE">9</attwidth><atprecis Sync="TRUE">9</atprecis><attscale Sync="TRUE">0</attscale></attr><attr><attrlabl Sync="TRUE">NQueimasNa</attrlabl><attalias Sync="TRUE">NQueimasNa</attalias><attrtype Sync="TRUE">Integer</attrtype><attwidth Sync="TRUE">9</attwidth><atprecis Sync="TRUE">9</atprecis><attscale Sync="TRUE">0</attscale></attr><attr><attrlabl Sync="TRUE">NQueimadas</attrlabl><attalias Sync="TRUE">NQueimadas</attalias><attrtype Sync="TRUE">Integer</attrtype><attwidth Sync="TRUE">9</attwidth><atprecis Sync="TRUE">9</atprecis><attscale Sync="TRUE">0</attscale></attr><attr><attrlabl Sync="TRUE">NQueimada0</attrlabl><attalias Sync="TRUE">NQueimada0</attalias><attrtype Sync="TRUE">Integer</attrtype><attwidth Sync="TRUE">9</attwidth><atprecis Sync="TRUE">9</atprecis><attscale Sync="TRUE">0</attscale></attr></detailed></eainfo><mdDateSt Sync="TRUE">20240909</mdDateSt></metadata>
