<?xml version="1.0" encoding="UTF-8"?>
<metadata xml:lang="en"><Esri><CreaDate>20240909</CreaDate><CreaTime>19181900</CreaTime><ArcGISFormat>1.0</ArcGISFormat><SyncOnce>TRUE</SyncOnce><DataProperties><itemProps><itemLocation><linkage Sync="TRUE">file://\\DESKTOP-4H7O5BU\C$\CSIG\Base_de_dados\Bases_de_pontos\locais_criticos_incendio</linkage><protocol Sync="TRUE">Local Area Network</protocol></itemLocation></itemProps><copyHistory><copy source="Z:\00_Classes\CSIG\2024\Aula03\locais_criticos_incendio\locais_criticos_incendio" dest="\\DESKTOP-4H7O5BU\C$\CSIG\Base_de_dados\Bases_de_pontos\locais_criticos_incendio" date="20240909" time="19181900"></copy></copyHistory><lineage><Process ToolSource="c:\program files\arcgis\pro\Resources\ArcToolbox\toolboxes\Data Management Tools.tbx\Copy" Date="20240909" Time="191819">Copy Z:\00_Classes\CSIG\2024\Aula03\locais_criticos_incendio\locais_criticos_incendio.shp C:\CSIG\Base_de_dados\Bases_de_pontos\locais_criticos_incendio.shp Shapefile #</Process></lineage></DataProperties></Esri></metadata>
